,image_path,predicted_class,confidence
0,/content/DALLE3/dalle_cars_zipped.zip/car_img0.png,car,0.94
1,/content/DALLE3/dalle_cars_zipped.zip/car_img1.png,car,0.96
2,/content/DALLE3/dalle_cars_zipped.zip/car_img1.png,potted plant,0.68
3,/content/DALLE3/dalle_cars_zipped.zip/car_img1.png,potted plant,0.46
4,/content/DALLE3/dalle_cars_zipped.zip/car_img1.png,potted plant,0.26
5,/content/DALLE3/dalle_cars_zipped.zip/car_img10.png,car,0.89
6,/content/DALLE3/dalle_cars_zipped.zip/car_img10.png,truck,0.87
7,/content/DALLE3/dalle_cars_zipped.zip/car_img10.png,potted plant,0.79
8,/content/DALLE3/dalle_cars_zipped.zip/car_img10.png,sports ball,0.55
9,/content/DALLE3/dalle_cars_zipped.zip/car_img10.png,orange,0.36
10,/content/DALLE3/dalle_cars_zipped.zip/car_img11.png,chair,0.89
11,/content/DALLE3/dalle_cars_zipped.zip/car_img11.png,bus,0.85
12,/content/DALLE3/dalle_cars_zipped.zip/car_img11.png,chair,0.81
13,/content/DALLE3/dalle_cars_zipped.zip/car_img11.png,chair,0.78
14,/content/DALLE3/dalle_cars_zipped.zip/car_img11.png,bus,0.77
15,/content/DALLE3/dalle_cars_zipped.zip/car_img11.png,person,0.5
16,/content/DALLE3/dalle_cars_zipped.zip/car_img11.png,person,0.37
17,/content/DALLE3/dalle_cars_zipped.zip/car_img11.png,person,0.37
18,/content/DALLE3/dalle_cars_zipped.zip/car_img11.png,car,0.35
19,/content/DALLE3/dalle_cars_zipped.zip/car_img11.png,boat,0.26
20,/content/DALLE3/dalle_cars_zipped.zip/car_img12.png,car,0.93
21,/content/DALLE3/dalle_cars_zipped.zip/car_img12.png,person,0.62
22,/content/DALLE3/dalle_cars_zipped.zip/car_img12.png,car,0.59
23,/content/DALLE3/dalle_cars_zipped.zip/car_img12.png,truck,0.54
24,/content/DALLE3/dalle_cars_zipped.zip/car_img12.png,person,0.47
25,/content/DALLE3/dalle_cars_zipped.zip/car_img12.png,person,0.43
26,/content/DALLE3/dalle_cars_zipped.zip/car_img13.png,truck,0.31
27,/content/DALLE3/dalle_cars_zipped.zip/car_img13.png,traffic light,0.29
28,/content/DALLE3/dalle_cars_zipped.zip/car_img14.png,bus,0.93
29,/content/DALLE3/dalle_cars_zipped.zip/car_img14.png,car,0.93
30,/content/DALLE3/dalle_cars_zipped.zip/car_img14.png,car,0.91
31,/content/DALLE3/dalle_cars_zipped.zip/car_img14.png,car,0.91
32,/content/DALLE3/dalle_cars_zipped.zip/car_img14.png,motorcycle,0.89
33,/content/DALLE3/dalle_cars_zipped.zip/car_img14.png,car,0.87
34,/content/DALLE3/dalle_cars_zipped.zip/car_img14.png,car,0.87
35,/content/DALLE3/dalle_cars_zipped.zip/car_img14.png,car,0.87
36,/content/DALLE3/dalle_cars_zipped.zip/car_img14.png,car,0.85
37,/content/DALLE3/dalle_cars_zipped.zip/car_img14.png,car,0.85
38,/content/DALLE3/dalle_cars_zipped.zip/car_img14.png,car,0.84
39,/content/DALLE3/dalle_cars_zipped.zip/car_img14.png,car,0.84
40,/content/DALLE3/dalle_cars_zipped.zip/car_img14.png,car,0.84
41,/content/DALLE3/dalle_cars_zipped.zip/car_img14.png,person,0.83
42,/content/DALLE3/dalle_cars_zipped.zip/car_img14.png,car,0.83
43,/content/DALLE3/dalle_cars_zipped.zip/car_img14.png,car,0.82
44,/content/DALLE3/dalle_cars_zipped.zip/car_img14.png,car,0.82
45,/content/DALLE3/dalle_cars_zipped.zip/car_img14.png,person,0.81
46,/content/DALLE3/dalle_cars_zipped.zip/car_img14.png,car,0.77
47,/content/DALLE3/dalle_cars_zipped.zip/car_img14.png,car,0.74
48,/content/DALLE3/dalle_cars_zipped.zip/car_img14.png,bicycle,0.71
49,/content/DALLE3/dalle_cars_zipped.zip/car_img14.png,car,0.69
50,/content/DALLE3/dalle_cars_zipped.zip/car_img14.png,car,0.68
51,/content/DALLE3/dalle_cars_zipped.zip/car_img14.png,car,0.66
52,/content/DALLE3/dalle_cars_zipped.zip/car_img14.png,car,0.51
53,/content/DALLE3/dalle_cars_zipped.zip/car_img14.png,car,0.49
54,/content/DALLE3/dalle_cars_zipped.zip/car_img14.png,traffic light,0.46
55,/content/DALLE3/dalle_cars_zipped.zip/car_img14.png,car,0.42
56,/content/DALLE3/dalle_cars_zipped.zip/car_img14.png,car,0.41
57,/content/DALLE3/dalle_cars_zipped.zip/car_img14.png,car,0.38
58,/content/DALLE3/dalle_cars_zipped.zip/car_img14.png,car,0.35
59,/content/DALLE3/dalle_cars_zipped.zip/car_img14.png,car,0.34
60,/content/DALLE3/dalle_cars_zipped.zip/car_img14.png,person,0.3
61,/content/DALLE3/dalle_cars_zipped.zip/car_img14.png,person,0.27
62,/content/DALLE3/dalle_cars_zipped.zip/car_img15.png,person,0.91
63,/content/DALLE3/dalle_cars_zipped.zip/car_img15.png,person,0.91
64,/content/DALLE3/dalle_cars_zipped.zip/car_img15.png,handbag,0.91
65,/content/DALLE3/dalle_cars_zipped.zip/car_img15.png,person,0.89
66,/content/DALLE3/dalle_cars_zipped.zip/car_img15.png,person,0.87
67,/content/DALLE3/dalle_cars_zipped.zip/car_img15.png,apple,0.78
68,/content/DALLE3/dalle_cars_zipped.zip/car_img15.png,person,0.78
69,/content/DALLE3/dalle_cars_zipped.zip/car_img15.png,person,0.78
70,/content/DALLE3/dalle_cars_zipped.zip/car_img15.png,dog,0.74
71,/content/DALLE3/dalle_cars_zipped.zip/car_img15.png,person,0.71
72,/content/DALLE3/dalle_cars_zipped.zip/car_img15.png,person,0.66
73,/content/DALLE3/dalle_cars_zipped.zip/car_img15.png,person,0.65
74,/content/DALLE3/dalle_cars_zipped.zip/car_img15.png,person,0.62
75,/content/DALLE3/dalle_cars_zipped.zip/car_img15.png,car,0.57
76,/content/DALLE3/dalle_cars_zipped.zip/car_img15.png,person,0.53
77,/content/DALLE3/dalle_cars_zipped.zip/car_img15.png,person,0.48
78,/content/DALLE3/dalle_cars_zipped.zip/car_img15.png,person,0.46
79,/content/DALLE3/dalle_cars_zipped.zip/car_img15.png,handbag,0.45
80,/content/DALLE3/dalle_cars_zipped.zip/car_img15.png,broccoli,0.42
81,/content/DALLE3/dalle_cars_zipped.zip/car_img15.png,handbag,0.42
82,/content/DALLE3/dalle_cars_zipped.zip/car_img15.png,person,0.4
83,/content/DALLE3/dalle_cars_zipped.zip/car_img15.png,truck,0.39
84,/content/DALLE3/dalle_cars_zipped.zip/car_img15.png,person,0.38
85,/content/DALLE3/dalle_cars_zipped.zip/car_img16.png,surfboard,0.35
86,/content/DALLE3/dalle_cars_zipped.zip/car_img17.png,car,0.96
87,/content/DALLE3/dalle_cars_zipped.zip/car_img18.png,car,0.93
88,/content/DALLE3/dalle_cars_zipped.zip/car_img18.png,person,0.84
89,/content/DALLE3/dalle_cars_zipped.zip/car_img18.png,person,0.83
90,/content/DALLE3/dalle_cars_zipped.zip/car_img18.png,person,0.76
91,/content/DALLE3/dalle_cars_zipped.zip/car_img18.png,person,0.66
92,/content/DALLE3/dalle_cars_zipped.zip/car_img18.png,car,0.63
93,/content/DALLE3/dalle_cars_zipped.zip/car_img18.png,person,0.62
94,/content/DALLE3/dalle_cars_zipped.zip/car_img18.png,person,0.59
95,/content/DALLE3/dalle_cars_zipped.zip/car_img18.png,person,0.57
96,/content/DALLE3/dalle_cars_zipped.zip/car_img18.png,person,0.5
97,/content/DALLE3/dalle_cars_zipped.zip/car_img18.png,person,0.49
98,/content/DALLE3/dalle_cars_zipped.zip/car_img18.png,person,0.4
99,/content/DALLE3/dalle_cars_zipped.zip/car_img18.png,tie,0.38
100,/content/DALLE3/dalle_cars_zipped.zip/car_img18.png,person,0.38
101,/content/DALLE3/dalle_cars_zipped.zip/car_img18.png,person,0.37
102,/content/DALLE3/dalle_cars_zipped.zip/car_img18.png,person,0.35
103,/content/DALLE3/dalle_cars_zipped.zip/car_img18.png,person,0.34
104,/content/DALLE3/dalle_cars_zipped.zip/car_img18.png,person,0.29
105,/content/DALLE3/dalle_cars_zipped.zip/car_img18.png,car,0.28
106,/content/DALLE3/dalle_cars_zipped.zip/car_img18.png,person,0.27
107,/content/DALLE3/dalle_cars_zipped.zip/car_img18.png,person,0.25
108,/content/DALLE3/dalle_cars_zipped.zip/car_img19.png,person,0.93
109,/content/DALLE3/dalle_cars_zipped.zip/car_img19.png,car,0.89
110,/content/DALLE3/dalle_cars_zipped.zip/car_img19.png,person,0.89
111,/content/DALLE3/dalle_cars_zipped.zip/car_img19.png,person,0.82
112,/content/DALLE3/dalle_cars_zipped.zip/car_img19.png,truck,0.71
113,/content/DALLE3/dalle_cars_zipped.zip/car_img19.png,person,0.64
114,/content/DALLE3/dalle_cars_zipped.zip/car_img19.png,person,0.6
115,/content/DALLE3/dalle_cars_zipped.zip/car_img19.png,person,0.6
116,/content/DALLE3/dalle_cars_zipped.zip/car_img19.png,person,0.59
117,/content/DALLE3/dalle_cars_zipped.zip/car_img19.png,handbag,0.54
118,/content/DALLE3/dalle_cars_zipped.zip/car_img19.png,car,0.5
119,/content/DALLE3/dalle_cars_zipped.zip/car_img19.png,person,0.34
120,/content/DALLE3/dalle_cars_zipped.zip/car_img19.png,person,0.3
121,/content/DALLE3/dalle_cars_zipped.zip/car_img2.png,train,0.44
122,/content/DALLE3/dalle_cars_zipped.zip/car_img20.png,person,0.94
123,/content/DALLE3/dalle_cars_zipped.zip/car_img20.png,person,0.9
124,/content/DALLE3/dalle_cars_zipped.zip/car_img20.png,person,0.9
125,/content/DALLE3/dalle_cars_zipped.zip/car_img20.png,surfboard,0.86
126,/content/DALLE3/dalle_cars_zipped.zip/car_img20.png,person,0.85
127,/content/DALLE3/dalle_cars_zipped.zip/car_img20.png,person,0.78
128,/content/DALLE3/dalle_cars_zipped.zip/car_img20.png,handbag,0.5
129,/content/DALLE3/dalle_cars_zipped.zip/car_img20.png,handbag,0.34
130,/content/DALLE3/dalle_cars_zipped.zip/car_img20.png,boat,0.29
131,/content/DALLE3/dalle_cars_zipped.zip/car_img21.png,truck,0.62
132,/content/DALLE3/dalle_cars_zipped.zip/car_img22.png,car,0.88
133,/content/DALLE3/dalle_cars_zipped.zip/car_img22.png,car,0.86
134,/content/DALLE3/dalle_cars_zipped.zip/car_img22.png,car,0.81
135,/content/DALLE3/dalle_cars_zipped.zip/car_img22.png,car,0.81
136,/content/DALLE3/dalle_cars_zipped.zip/car_img22.png,car,0.78
137,/content/DALLE3/dalle_cars_zipped.zip/car_img22.png,car,0.77
138,/content/DALLE3/dalle_cars_zipped.zip/car_img22.png,person,0.77
139,/content/DALLE3/dalle_cars_zipped.zip/car_img22.png,car,0.75
140,/content/DALLE3/dalle_cars_zipped.zip/car_img22.png,car,0.59
141,/content/DALLE3/dalle_cars_zipped.zip/car_img22.png,car,0.57
142,/content/DALLE3/dalle_cars_zipped.zip/car_img22.png,car,0.55
143,/content/DALLE3/dalle_cars_zipped.zip/car_img22.png,car,0.49
144,/content/DALLE3/dalle_cars_zipped.zip/car_img22.png,person,0.47
145,/content/DALLE3/dalle_cars_zipped.zip/car_img22.png,car,0.41
146,/content/DALLE3/dalle_cars_zipped.zip/car_img22.png,car,0.41
147,/content/DALLE3/dalle_cars_zipped.zip/car_img22.png,car,0.39
148,/content/DALLE3/dalle_cars_zipped.zip/car_img22.png,car,0.38
149,/content/DALLE3/dalle_cars_zipped.zip/car_img22.png,traffic light,0.37
150,/content/DALLE3/dalle_cars_zipped.zip/car_img22.png,car,0.36
151,/content/DALLE3/dalle_cars_zipped.zip/car_img22.png,car,0.34
152,/content/DALLE3/dalle_cars_zipped.zip/car_img22.png,car,0.33
153,/content/DALLE3/dalle_cars_zipped.zip/car_img22.png,car,0.31
154,/content/DALLE3/dalle_cars_zipped.zip/car_img22.png,truck,0.3
155,/content/DALLE3/dalle_cars_zipped.zip/car_img22.png,car,0.29
156,/content/DALLE3/dalle_cars_zipped.zip/car_img23.png,car,0.96
157,/content/DALLE3/dalle_cars_zipped.zip/car_img23.png,car,0.92
158,/content/DALLE3/dalle_cars_zipped.zip/car_img23.png,car,0.91
159,/content/DALLE3/dalle_cars_zipped.zip/car_img23.png,person,0.91
160,/content/DALLE3/dalle_cars_zipped.zip/car_img23.png,person,0.9
161,/content/DALLE3/dalle_cars_zipped.zip/car_img23.png,person,0.9
162,/content/DALLE3/dalle_cars_zipped.zip/car_img23.png,car,0.89
163,/content/DALLE3/dalle_cars_zipped.zip/car_img23.png,person,0.88
164,/content/DALLE3/dalle_cars_zipped.zip/car_img23.png,car,0.88
165,/content/DALLE3/dalle_cars_zipped.zip/car_img23.png,person,0.88
166,/content/DALLE3/dalle_cars_zipped.zip/car_img23.png,car,0.87
167,/content/DALLE3/dalle_cars_zipped.zip/car_img23.png,person,0.85
168,/content/DALLE3/dalle_cars_zipped.zip/car_img23.png,car,0.85
169,/content/DALLE3/dalle_cars_zipped.zip/car_img23.png,person,0.85
170,/content/DALLE3/dalle_cars_zipped.zip/car_img23.png,car,0.85
171,/content/DALLE3/dalle_cars_zipped.zip/car_img23.png,person,0.84
172,/content/DALLE3/dalle_cars_zipped.zip/car_img23.png,car,0.83
173,/content/DALLE3/dalle_cars_zipped.zip/car_img23.png,person,0.83
174,/content/DALLE3/dalle_cars_zipped.zip/car_img23.png,car,0.83
175,/content/DALLE3/dalle_cars_zipped.zip/car_img23.png,car,0.82
176,/content/DALLE3/dalle_cars_zipped.zip/car_img23.png,person,0.81
177,/content/DALLE3/dalle_cars_zipped.zip/car_img23.png,car,0.81
178,/content/DALLE3/dalle_cars_zipped.zip/car_img23.png,person,0.8
179,/content/DALLE3/dalle_cars_zipped.zip/car_img23.png,person,0.77
180,/content/DALLE3/dalle_cars_zipped.zip/car_img23.png,car,0.76
181,/content/DALLE3/dalle_cars_zipped.zip/car_img23.png,person,0.76
182,/content/DALLE3/dalle_cars_zipped.zip/car_img23.png,traffic light,0.73
183,/content/DALLE3/dalle_cars_zipped.zip/car_img23.png,person,0.71
184,/content/DALLE3/dalle_cars_zipped.zip/car_img23.png,car,0.71
185,/content/DALLE3/dalle_cars_zipped.zip/car_img23.png,car,0.68
186,/content/DALLE3/dalle_cars_zipped.zip/car_img23.png,car,0.67
187,/content/DALLE3/dalle_cars_zipped.zip/car_img23.png,car,0.67
188,/content/DALLE3/dalle_cars_zipped.zip/car_img23.png,person,0.64
189,/content/DALLE3/dalle_cars_zipped.zip/car_img23.png,person,0.52
190,/content/DALLE3/dalle_cars_zipped.zip/car_img23.png,traffic light,0.49
191,/content/DALLE3/dalle_cars_zipped.zip/car_img23.png,suitcase,0.46
192,/content/DALLE3/dalle_cars_zipped.zip/car_img23.png,traffic light,0.43
193,/content/DALLE3/dalle_cars_zipped.zip/car_img23.png,traffic light,0.39
194,/content/DALLE3/dalle_cars_zipped.zip/car_img23.png,traffic light,0.34
195,/content/DALLE3/dalle_cars_zipped.zip/car_img23.png,traffic light,0.32
196,/content/DALLE3/dalle_cars_zipped.zip/car_img23.png,person,0.31
197,/content/DALLE3/dalle_cars_zipped.zip/car_img23.png,traffic light,0.27
198,/content/DALLE3/dalle_cars_zipped.zip/car_img23.png,traffic light,0.26
199,/content/DALLE3/dalle_cars_zipped.zip/car_img24.png,person,0.88
200,/content/DALLE3/dalle_cars_zipped.zip/car_img24.png,truck,0.79
201,/content/DALLE3/dalle_cars_zipped.zip/car_img24.png,hot dog,0.53
202,/content/DALLE3/dalle_cars_zipped.zip/car_img24.png,person,0.44
203,/content/DALLE3/dalle_cars_zipped.zip/car_img24.png,person,0.28
204,/content/DALLE3/dalle_cars_zipped.zip/car_img24.png,person,0.25
205,/content/DALLE3/dalle_cars_zipped.zip/car_img25.png,car,0.73
206,/content/DALLE3/dalle_cars_zipped.zip/car_img25.png,truck,0.68
207,/content/DALLE3/dalle_cars_zipped.zip/car_img25.png,person,0.63
208,/content/DALLE3/dalle_cars_zipped.zip/car_img25.png,person,0.62
209,/content/DALLE3/dalle_cars_zipped.zip/car_img25.png,person,0.59
210,/content/DALLE3/dalle_cars_zipped.zip/car_img25.png,truck,0.55
211,/content/DALLE3/dalle_cars_zipped.zip/car_img25.png,person,0.5
212,/content/DALLE3/dalle_cars_zipped.zip/car_img25.png,truck,0.44
213,/content/DALLE3/dalle_cars_zipped.zip/car_img25.png,truck,0.43
214,/content/DALLE3/dalle_cars_zipped.zip/car_img25.png,car,0.37
215,/content/DALLE3/dalle_cars_zipped.zip/car_img25.png,person,0.36
216,/content/DALLE3/dalle_cars_zipped.zip/car_img25.png,truck,0.35
217,/content/DALLE3/dalle_cars_zipped.zip/car_img25.png,truck,0.34
218,/content/DALLE3/dalle_cars_zipped.zip/car_img25.png,person,0.31
219,/content/DALLE3/dalle_cars_zipped.zip/car_img25.png,person,0.3
220,/content/DALLE3/dalle_cars_zipped.zip/car_img25.png,car,0.28
221,/content/DALLE3/dalle_cars_zipped.zip/car_img26.png,person,0.88
222,/content/DALLE3/dalle_cars_zipped.zip/car_img26.png,person,0.86
223,/content/DALLE3/dalle_cars_zipped.zip/car_img26.png,person,0.85
224,/content/DALLE3/dalle_cars_zipped.zip/car_img26.png,person,0.85
225,/content/DALLE3/dalle_cars_zipped.zip/car_img26.png,person,0.81
226,/content/DALLE3/dalle_cars_zipped.zip/car_img26.png,car,0.8
227,/content/DALLE3/dalle_cars_zipped.zip/car_img26.png,person,0.79
228,/content/DALLE3/dalle_cars_zipped.zip/car_img26.png,person,0.77
229,/content/DALLE3/dalle_cars_zipped.zip/car_img26.png,person,0.72
230,/content/DALLE3/dalle_cars_zipped.zip/car_img26.png,person,0.68
231,/content/DALLE3/dalle_cars_zipped.zip/car_img26.png,person,0.66
232,/content/DALLE3/dalle_cars_zipped.zip/car_img26.png,person,0.64
233,/content/DALLE3/dalle_cars_zipped.zip/car_img26.png,person,0.6
234,/content/DALLE3/dalle_cars_zipped.zip/car_img26.png,person,0.59
235,/content/DALLE3/dalle_cars_zipped.zip/car_img26.png,person,0.59
236,/content/DALLE3/dalle_cars_zipped.zip/car_img26.png,person,0.58
237,/content/DALLE3/dalle_cars_zipped.zip/car_img26.png,person,0.57
238,/content/DALLE3/dalle_cars_zipped.zip/car_img26.png,person,0.53
239,/content/DALLE3/dalle_cars_zipped.zip/car_img26.png,person,0.52
240,/content/DALLE3/dalle_cars_zipped.zip/car_img26.png,person,0.51
241,/content/DALLE3/dalle_cars_zipped.zip/car_img26.png,person,0.51
242,/content/DALLE3/dalle_cars_zipped.zip/car_img26.png,person,0.48
243,/content/DALLE3/dalle_cars_zipped.zip/car_img26.png,person,0.43
244,/content/DALLE3/dalle_cars_zipped.zip/car_img26.png,person,0.42
245,/content/DALLE3/dalle_cars_zipped.zip/car_img26.png,person,0.42
246,/content/DALLE3/dalle_cars_zipped.zip/car_img26.png,person,0.4
247,/content/DALLE3/dalle_cars_zipped.zip/car_img26.png,person,0.4
248,/content/DALLE3/dalle_cars_zipped.zip/car_img26.png,person,0.35
249,/content/DALLE3/dalle_cars_zipped.zip/car_img26.png,person,0.29
250,/content/DALLE3/dalle_cars_zipped.zip/car_img27.png,bus,0.96
251,/content/DALLE3/dalle_cars_zipped.zip/car_img27.png,person,0.87
252,/content/DALLE3/dalle_cars_zipped.zip/car_img27.png,backpack,0.81
253,/content/DALLE3/dalle_cars_zipped.zip/car_img27.png,person,0.78
254,/content/DALLE3/dalle_cars_zipped.zip/car_img27.png,person,0.77
255,/content/DALLE3/dalle_cars_zipped.zip/car_img27.png,person,0.77
256,/content/DALLE3/dalle_cars_zipped.zip/car_img27.png,person,0.74
257,/content/DALLE3/dalle_cars_zipped.zip/car_img27.png,person,0.73
258,/content/DALLE3/dalle_cars_zipped.zip/car_img27.png,backpack,0.69
259,/content/DALLE3/dalle_cars_zipped.zip/car_img27.png,backpack,0.68
260,/content/DALLE3/dalle_cars_zipped.zip/car_img27.png,person,0.68
261,/content/DALLE3/dalle_cars_zipped.zip/car_img27.png,backpack,0.59
262,/content/DALLE3/dalle_cars_zipped.zip/car_img27.png,handbag,0.58
263,/content/DALLE3/dalle_cars_zipped.zip/car_img27.png,potted plant,0.54
264,/content/DALLE3/dalle_cars_zipped.zip/car_img27.png,person,0.52
265,/content/DALLE3/dalle_cars_zipped.zip/car_img27.png,backpack,0.46
266,/content/DALLE3/dalle_cars_zipped.zip/car_img27.png,person,0.43
267,/content/DALLE3/dalle_cars_zipped.zip/car_img28.png,truck,0.83
268,/content/DALLE3/dalle_cars_zipped.zip/car_img28.png,bottle,0.75
269,/content/DALLE3/dalle_cars_zipped.zip/car_img28.png,bottle,0.48
270,/content/DALLE3/dalle_cars_zipped.zip/car_img28.png,bottle,0.43
271,/content/DALLE3/dalle_cars_zipped.zip/car_img28.png,bottle,0.42
272,/content/DALLE3/dalle_cars_zipped.zip/car_img28.png,bottle,0.38
273,/content/DALLE3/dalle_cars_zipped.zip/car_img29.png,car,0.93
274,/content/DALLE3/dalle_cars_zipped.zip/car_img3.png,car,0.84
275,/content/DALLE3/dalle_cars_zipped.zip/car_img3.png,bicycle,0.36
276,/content/DALLE3/dalle_cars_zipped.zip/car_img30.png,truck,0.9
277,/content/DALLE3/dalle_cars_zipped.zip/car_img31.png,car,0.97
278,/content/DALLE3/dalle_cars_zipped.zip/car_img31.png,person,0.85
279,/content/DALLE3/dalle_cars_zipped.zip/car_img31.png,car,0.72
280,/content/DALLE3/dalle_cars_zipped.zip/car_img31.png,person,0.38
281,/content/DALLE3/dalle_cars_zipped.zip/car_img32.png,person,0.93
282,/content/DALLE3/dalle_cars_zipped.zip/car_img32.png,person,0.91
283,/content/DALLE3/dalle_cars_zipped.zip/car_img32.png,person,0.91
284,/content/DALLE3/dalle_cars_zipped.zip/car_img32.png,person,0.9
285,/content/DALLE3/dalle_cars_zipped.zip/car_img32.png,person,0.87
286,/content/DALLE3/dalle_cars_zipped.zip/car_img32.png,person,0.85
287,/content/DALLE3/dalle_cars_zipped.zip/car_img32.png,bottle,0.83
288,/content/DALLE3/dalle_cars_zipped.zip/car_img32.png,bottle,0.77
289,/content/DALLE3/dalle_cars_zipped.zip/car_img32.png,bottle,0.71
290,/content/DALLE3/dalle_cars_zipped.zip/car_img32.png,bottle,0.7
291,/content/DALLE3/dalle_cars_zipped.zip/car_img32.png,bottle,0.68
292,/content/DALLE3/dalle_cars_zipped.zip/car_img32.png,bowl,0.67
293,/content/DALLE3/dalle_cars_zipped.zip/car_img32.png,car,0.64
294,/content/DALLE3/dalle_cars_zipped.zip/car_img32.png,dining table,0.61
295,/content/DALLE3/dalle_cars_zipped.zip/car_img32.png,sandwich,0.58
296,/content/DALLE3/dalle_cars_zipped.zip/car_img32.png,bottle,0.54
297,/content/DALLE3/dalle_cars_zipped.zip/car_img32.png,bottle,0.5
298,/content/DALLE3/dalle_cars_zipped.zip/car_img32.png,bottle,0.41
299,/content/DALLE3/dalle_cars_zipped.zip/car_img32.png,sandwich,0.4
300,/content/DALLE3/dalle_cars_zipped.zip/car_img32.png,car,0.38
301,/content/DALLE3/dalle_cars_zipped.zip/car_img32.png,cup,0.37
302,/content/DALLE3/dalle_cars_zipped.zip/car_img32.png,bottle,0.36
303,/content/DALLE3/dalle_cars_zipped.zip/car_img32.png,sandwich,0.36
304,/content/DALLE3/dalle_cars_zipped.zip/car_img32.png,cup,0.36
305,/content/DALLE3/dalle_cars_zipped.zip/car_img32.png,hot dog,0.34
306,/content/DALLE3/dalle_cars_zipped.zip/car_img32.png,bottle,0.29
307,/content/DALLE3/dalle_cars_zipped.zip/car_img32.png,sandwich,0.29
308,/content/DALLE3/dalle_cars_zipped.zip/car_img32.png,donut,0.28
309,/content/DALLE3/dalle_cars_zipped.zip/car_img32.png,car,0.25
310,/content/DALLE3/dalle_cars_zipped.zip/car_img33.png,car,0.93
311,/content/DALLE3/dalle_cars_zipped.zip/car_img34.png,truck,0.89
312,/content/DALLE3/dalle_cars_zipped.zip/car_img34.png,carrot,0.25
313,/content/DALLE3/dalle_cars_zipped.zip/car_img35.png,car,0.91
314,/content/DALLE3/dalle_cars_zipped.zip/car_img35.png,car,0.9
315,/content/DALLE3/dalle_cars_zipped.zip/car_img35.png,car,0.9
316,/content/DALLE3/dalle_cars_zipped.zip/car_img35.png,car,0.88
317,/content/DALLE3/dalle_cars_zipped.zip/car_img35.png,car,0.87
318,/content/DALLE3/dalle_cars_zipped.zip/car_img35.png,car,0.82
319,/content/DALLE3/dalle_cars_zipped.zip/car_img35.png,car,0.81
320,/content/DALLE3/dalle_cars_zipped.zip/car_img35.png,car,0.77
321,/content/DALLE3/dalle_cars_zipped.zip/car_img35.png,car,0.77
322,/content/DALLE3/dalle_cars_zipped.zip/car_img35.png,car,0.74
323,/content/DALLE3/dalle_cars_zipped.zip/car_img35.png,car,0.72
324,/content/DALLE3/dalle_cars_zipped.zip/car_img35.png,car,0.71
325,/content/DALLE3/dalle_cars_zipped.zip/car_img35.png,car,0.71
326,/content/DALLE3/dalle_cars_zipped.zip/car_img35.png,car,0.68
327,/content/DALLE3/dalle_cars_zipped.zip/car_img35.png,car,0.64
328,/content/DALLE3/dalle_cars_zipped.zip/car_img35.png,boat,0.63
329,/content/DALLE3/dalle_cars_zipped.zip/car_img35.png,person,0.63
330,/content/DALLE3/dalle_cars_zipped.zip/car_img35.png,person,0.62
331,/content/DALLE3/dalle_cars_zipped.zip/car_img35.png,car,0.61
332,/content/DALLE3/dalle_cars_zipped.zip/car_img35.png,car,0.6
333,/content/DALLE3/dalle_cars_zipped.zip/car_img35.png,car,0.59
334,/content/DALLE3/dalle_cars_zipped.zip/car_img35.png,person,0.58
335,/content/DALLE3/dalle_cars_zipped.zip/car_img35.png,car,0.57
336,/content/DALLE3/dalle_cars_zipped.zip/car_img35.png,person,0.56
337,/content/DALLE3/dalle_cars_zipped.zip/car_img35.png,car,0.56
338,/content/DALLE3/dalle_cars_zipped.zip/car_img35.png,car,0.45
339,/content/DALLE3/dalle_cars_zipped.zip/car_img35.png,car,0.44
340,/content/DALLE3/dalle_cars_zipped.zip/car_img35.png,person,0.4
341,/content/DALLE3/dalle_cars_zipped.zip/car_img35.png,person,0.38
342,/content/DALLE3/dalle_cars_zipped.zip/car_img35.png,person,0.37
343,/content/DALLE3/dalle_cars_zipped.zip/car_img35.png,car,0.37
344,/content/DALLE3/dalle_cars_zipped.zip/car_img35.png,boat,0.36
345,/content/DALLE3/dalle_cars_zipped.zip/car_img35.png,car,0.35
346,/content/DALLE3/dalle_cars_zipped.zip/car_img35.png,person,0.3
347,/content/DALLE3/dalle_cars_zipped.zip/car_img35.png,car,0.29
348,/content/DALLE3/dalle_cars_zipped.zip/car_img35.png,car,0.25
349,/content/DALLE3/dalle_cars_zipped.zip/car_img36.png,car,0.83
350,/content/DALLE3/dalle_cars_zipped.zip/car_img36.png,person,0.77
351,/content/DALLE3/dalle_cars_zipped.zip/car_img36.png,airplane,0.74
352,/content/DALLE3/dalle_cars_zipped.zip/car_img36.png,person,0.71
353,/content/DALLE3/dalle_cars_zipped.zip/car_img36.png,person,0.66
354,/content/DALLE3/dalle_cars_zipped.zip/car_img36.png,person,0.62
355,/content/DALLE3/dalle_cars_zipped.zip/car_img36.png,person,0.62
356,/content/DALLE3/dalle_cars_zipped.zip/car_img36.png,person,0.56
357,/content/DALLE3/dalle_cars_zipped.zip/car_img36.png,person,0.54
358,/content/DALLE3/dalle_cars_zipped.zip/car_img36.png,person,0.53
359,/content/DALLE3/dalle_cars_zipped.zip/car_img36.png,person,0.51
360,/content/DALLE3/dalle_cars_zipped.zip/car_img36.png,car,0.5
361,/content/DALLE3/dalle_cars_zipped.zip/car_img36.png,person,0.43
362,/content/DALLE3/dalle_cars_zipped.zip/car_img36.png,traffic light,0.43
363,/content/DALLE3/dalle_cars_zipped.zip/car_img36.png,person,0.4
364,/content/DALLE3/dalle_cars_zipped.zip/car_img36.png,car,0.4
365,/content/DALLE3/dalle_cars_zipped.zip/car_img36.png,person,0.38
366,/content/DALLE3/dalle_cars_zipped.zip/car_img36.png,person,0.35
367,/content/DALLE3/dalle_cars_zipped.zip/car_img36.png,car,0.31
368,/content/DALLE3/dalle_cars_zipped.zip/car_img36.png,person,0.29
369,/content/DALLE3/dalle_cars_zipped.zip/car_img36.png,car,0.25
370,/content/DALLE3/dalle_cars_zipped.zip/car_img37.png,person,0.9
371,/content/DALLE3/dalle_cars_zipped.zip/car_img37.png,person,0.9
372,/content/DALLE3/dalle_cars_zipped.zip/car_img37.png,bus,0.89
373,/content/DALLE3/dalle_cars_zipped.zip/car_img37.png,person,0.89
374,/content/DALLE3/dalle_cars_zipped.zip/car_img37.png,person,0.87
375,/content/DALLE3/dalle_cars_zipped.zip/car_img37.png,person,0.87
376,/content/DALLE3/dalle_cars_zipped.zip/car_img37.png,bird,0.87
377,/content/DALLE3/dalle_cars_zipped.zip/car_img37.png,person,0.87
378,/content/DALLE3/dalle_cars_zipped.zip/car_img37.png,bird,0.85
379,/content/DALLE3/dalle_cars_zipped.zip/car_img37.png,person,0.82
380,/content/DALLE3/dalle_cars_zipped.zip/car_img37.png,person,0.81
381,/content/DALLE3/dalle_cars_zipped.zip/car_img37.png,person,0.78
382,/content/DALLE3/dalle_cars_zipped.zip/car_img37.png,person,0.77
383,/content/DALLE3/dalle_cars_zipped.zip/car_img37.png,umbrella,0.76
384,/content/DALLE3/dalle_cars_zipped.zip/car_img37.png,bird,0.75
385,/content/DALLE3/dalle_cars_zipped.zip/car_img37.png,bird,0.75
386,/content/DALLE3/dalle_cars_zipped.zip/car_img37.png,potted plant,0.72
387,/content/DALLE3/dalle_cars_zipped.zip/car_img37.png,person,0.71
388,/content/DALLE3/dalle_cars_zipped.zip/car_img37.png,person,0.7
389,/content/DALLE3/dalle_cars_zipped.zip/car_img37.png,person,0.7
390,/content/DALLE3/dalle_cars_zipped.zip/car_img37.png,person,0.68
391,/content/DALLE3/dalle_cars_zipped.zip/car_img37.png,potted plant,0.67
392,/content/DALLE3/dalle_cars_zipped.zip/car_img37.png,bird,0.66
393,/content/DALLE3/dalle_cars_zipped.zip/car_img37.png,person,0.66
394,/content/DALLE3/dalle_cars_zipped.zip/car_img37.png,bird,0.63
395,/content/DALLE3/dalle_cars_zipped.zip/car_img37.png,person,0.61
396,/content/DALLE3/dalle_cars_zipped.zip/car_img37.png,bird,0.58
397,/content/DALLE3/dalle_cars_zipped.zip/car_img37.png,person,0.52
398,/content/DALLE3/dalle_cars_zipped.zip/car_img37.png,person,0.52
399,/content/DALLE3/dalle_cars_zipped.zip/car_img37.png,umbrella,0.45
400,/content/DALLE3/dalle_cars_zipped.zip/car_img37.png,person,0.44
401,/content/DALLE3/dalle_cars_zipped.zip/car_img37.png,person,0.42
402,/content/DALLE3/dalle_cars_zipped.zip/car_img37.png,person,0.41
403,/content/DALLE3/dalle_cars_zipped.zip/car_img37.png,person,0.4
404,/content/DALLE3/dalle_cars_zipped.zip/car_img37.png,bird,0.4
405,/content/DALLE3/dalle_cars_zipped.zip/car_img37.png,person,0.39
406,/content/DALLE3/dalle_cars_zipped.zip/car_img37.png,boat,0.38
407,/content/DALLE3/dalle_cars_zipped.zip/car_img37.png,person,0.35
408,/content/DALLE3/dalle_cars_zipped.zip/car_img37.png,person,0.35
409,/content/DALLE3/dalle_cars_zipped.zip/car_img37.png,person,0.33
410,/content/DALLE3/dalle_cars_zipped.zip/car_img37.png,person,0.33
411,/content/DALLE3/dalle_cars_zipped.zip/car_img37.png,bird,0.32
412,/content/DALLE3/dalle_cars_zipped.zip/car_img37.png,umbrella,0.31
413,/content/DALLE3/dalle_cars_zipped.zip/car_img37.png,person,0.29
414,/content/DALLE3/dalle_cars_zipped.zip/car_img37.png,person,0.29
415,/content/DALLE3/dalle_cars_zipped.zip/car_img37.png,person,0.27
416,/content/DALLE3/dalle_cars_zipped.zip/car_img37.png,person,0.25
417,/content/DALLE3/dalle_cars_zipped.zip/car_img38.png,car,0.97
418,/content/DALLE3/dalle_cars_zipped.zip/car_img38.png,car,0.94
419,/content/DALLE3/dalle_cars_zipped.zip/car_img38.png,car,0.85
420,/content/DALLE3/dalle_cars_zipped.zip/car_img38.png,truck,0.8
421,/content/DALLE3/dalle_cars_zipped.zip/car_img38.png,car,0.73
422,/content/DALLE3/dalle_cars_zipped.zip/car_img38.png,car,0.7
423,/content/DALLE3/dalle_cars_zipped.zip/car_img38.png,car,0.67
424,/content/DALLE3/dalle_cars_zipped.zip/car_img38.png,car,0.61
425,/content/DALLE3/dalle_cars_zipped.zip/car_img38.png,car,0.59
426,/content/DALLE3/dalle_cars_zipped.zip/car_img38.png,bus,0.59
427,/content/DALLE3/dalle_cars_zipped.zip/car_img38.png,car,0.58
428,/content/DALLE3/dalle_cars_zipped.zip/car_img38.png,car,0.58
429,/content/DALLE3/dalle_cars_zipped.zip/car_img38.png,truck,0.58
430,/content/DALLE3/dalle_cars_zipped.zip/car_img38.png,truck,0.57
431,/content/DALLE3/dalle_cars_zipped.zip/car_img38.png,car,0.56
432,/content/DALLE3/dalle_cars_zipped.zip/car_img38.png,car,0.54
433,/content/DALLE3/dalle_cars_zipped.zip/car_img38.png,car,0.48
434,/content/DALLE3/dalle_cars_zipped.zip/car_img38.png,car,0.47
435,/content/DALLE3/dalle_cars_zipped.zip/car_img38.png,truck,0.44
436,/content/DALLE3/dalle_cars_zipped.zip/car_img38.png,car,0.44
437,/content/DALLE3/dalle_cars_zipped.zip/car_img38.png,bus,0.4
438,/content/DALLE3/dalle_cars_zipped.zip/car_img38.png,car,0.36
439,/content/DALLE3/dalle_cars_zipped.zip/car_img38.png,car,0.36
440,/content/DALLE3/dalle_cars_zipped.zip/car_img38.png,car,0.32
441,/content/DALLE3/dalle_cars_zipped.zip/car_img38.png,car,0.31
442,/content/DALLE3/dalle_cars_zipped.zip/car_img38.png,car,0.31
443,/content/DALLE3/dalle_cars_zipped.zip/car_img38.png,car,0.29
444,/content/DALLE3/dalle_cars_zipped.zip/car_img38.png,truck,0.27
445,/content/DALLE3/dalle_cars_zipped.zip/car_img38.png,car,0.27
446,/content/DALLE3/dalle_cars_zipped.zip/car_img39.png,person,0.73
447,/content/DALLE3/dalle_cars_zipped.zip/car_img39.png,person,0.67
448,/content/DALLE3/dalle_cars_zipped.zip/car_img39.png,car,0.66
449,/content/DALLE3/dalle_cars_zipped.zip/car_img39.png,person,0.66
450,/content/DALLE3/dalle_cars_zipped.zip/car_img39.png,person,0.56
451,/content/DALLE3/dalle_cars_zipped.zip/car_img39.png,person,0.5
452,/content/DALLE3/dalle_cars_zipped.zip/car_img39.png,person,0.48
453,/content/DALLE3/dalle_cars_zipped.zip/car_img39.png,person,0.48
454,/content/DALLE3/dalle_cars_zipped.zip/car_img39.png,person,0.47
455,/content/DALLE3/dalle_cars_zipped.zip/car_img39.png,person,0.43
456,/content/DALLE3/dalle_cars_zipped.zip/car_img39.png,person,0.42
457,/content/DALLE3/dalle_cars_zipped.zip/car_img39.png,potted plant,0.4
458,/content/DALLE3/dalle_cars_zipped.zip/car_img39.png,person,0.38
459,/content/DALLE3/dalle_cars_zipped.zip/car_img39.png,person,0.37
460,/content/DALLE3/dalle_cars_zipped.zip/car_img39.png,person,0.36
461,/content/DALLE3/dalle_cars_zipped.zip/car_img39.png,potted plant,0.34
462,/content/DALLE3/dalle_cars_zipped.zip/car_img39.png,potted plant,0.29
463,/content/DALLE3/dalle_cars_zipped.zip/car_img4.png,car,0.94
464,/content/DALLE3/dalle_cars_zipped.zip/car_img40.png,car,0.9
465,/content/DALLE3/dalle_cars_zipped.zip/car_img40.png,car,0.84
466,/content/DALLE3/dalle_cars_zipped.zip/car_img40.png,person,0.81
467,/content/DALLE3/dalle_cars_zipped.zip/car_img40.png,person,0.8
468,/content/DALLE3/dalle_cars_zipped.zip/car_img40.png,person,0.79
469,/content/DALLE3/dalle_cars_zipped.zip/car_img40.png,person,0.79
470,/content/DALLE3/dalle_cars_zipped.zip/car_img40.png,person,0.79
471,/content/DALLE3/dalle_cars_zipped.zip/car_img40.png,person,0.66
472,/content/DALLE3/dalle_cars_zipped.zip/car_img40.png,person,0.65
473,/content/DALLE3/dalle_cars_zipped.zip/car_img40.png,person,0.64
474,/content/DALLE3/dalle_cars_zipped.zip/car_img40.png,person,0.56
475,/content/DALLE3/dalle_cars_zipped.zip/car_img40.png,person,0.55
476,/content/DALLE3/dalle_cars_zipped.zip/car_img40.png,person,0.53
477,/content/DALLE3/dalle_cars_zipped.zip/car_img40.png,tie,0.45
478,/content/DALLE3/dalle_cars_zipped.zip/car_img40.png,person,0.44
479,/content/DALLE3/dalle_cars_zipped.zip/car_img40.png,person,0.42
480,/content/DALLE3/dalle_cars_zipped.zip/car_img40.png,person,0.39
481,/content/DALLE3/dalle_cars_zipped.zip/car_img40.png,person,0.39
482,/content/DALLE3/dalle_cars_zipped.zip/car_img40.png,person,0.35
483,/content/DALLE3/dalle_cars_zipped.zip/car_img40.png,person,0.33
484,/content/DALLE3/dalle_cars_zipped.zip/car_img40.png,person,0.3
485,/content/DALLE3/dalle_cars_zipped.zip/car_img40.png,person,0.27
486,/content/DALLE3/dalle_cars_zipped.zip/car_img40.png,person,0.26
487,/content/DALLE3/dalle_cars_zipped.zip/car_img41.png,car,0.93
488,/content/DALLE3/dalle_cars_zipped.zip/car_img41.png,cat,0.33
489,/content/DALLE3/dalle_cars_zipped.zip/car_img42.png,person,0.78
490,/content/DALLE3/dalle_cars_zipped.zip/car_img42.png,person,0.57
491,/content/DALLE3/dalle_cars_zipped.zip/car_img42.png,car,0.52
492,/content/DALLE3/dalle_cars_zipped.zip/car_img42.png,car,0.35
493,/content/DALLE3/dalle_cars_zipped.zip/car_img43.png,car,0.93
494,/content/DALLE3/dalle_cars_zipped.zip/car_img43.png,person,0.89
495,/content/DALLE3/dalle_cars_zipped.zip/car_img43.png,person,0.87
496,/content/DALLE3/dalle_cars_zipped.zip/car_img43.png,person,0.87
497,/content/DALLE3/dalle_cars_zipped.zip/car_img43.png,person,0.84
498,/content/DALLE3/dalle_cars_zipped.zip/car_img43.png,person,0.82
499,/content/DALLE3/dalle_cars_zipped.zip/car_img43.png,person,0.81
500,/content/DALLE3/dalle_cars_zipped.zip/car_img43.png,person,0.8
501,/content/DALLE3/dalle_cars_zipped.zip/car_img43.png,fire hydrant,0.7
502,/content/DALLE3/dalle_cars_zipped.zip/car_img43.png,person,0.49
503,/content/DALLE3/dalle_cars_zipped.zip/car_img43.png,person,0.42
504,/content/DALLE3/dalle_cars_zipped.zip/car_img43.png,person,0.28
505,/content/DALLE3/dalle_cars_zipped.zip/car_img44.png,person,0.92
506,/content/DALLE3/dalle_cars_zipped.zip/car_img44.png,person,0.91
507,/content/DALLE3/dalle_cars_zipped.zip/car_img44.png,person,0.91
508,/content/DALLE3/dalle_cars_zipped.zip/car_img44.png,person,0.9
509,/content/DALLE3/dalle_cars_zipped.zip/car_img44.png,bottle,0.87
510,/content/DALLE3/dalle_cars_zipped.zip/car_img44.png,sandwich,0.86
511,/content/DALLE3/dalle_cars_zipped.zip/car_img44.png,sandwich,0.86
512,/content/DALLE3/dalle_cars_zipped.zip/car_img44.png,person,0.85
513,/content/DALLE3/dalle_cars_zipped.zip/car_img44.png,bottle,0.84
514,/content/DALLE3/dalle_cars_zipped.zip/car_img44.png,bottle,0.84
515,/content/DALLE3/dalle_cars_zipped.zip/car_img44.png,bottle,0.82
516,/content/DALLE3/dalle_cars_zipped.zip/car_img44.png,bowl,0.82
517,/content/DALLE3/dalle_cars_zipped.zip/car_img44.png,person,0.82
518,/content/DALLE3/dalle_cars_zipped.zip/car_img44.png,bottle,0.7
519,/content/DALLE3/dalle_cars_zipped.zip/car_img44.png,frisbee,0.69
520,/content/DALLE3/dalle_cars_zipped.zip/car_img44.png,sandwich,0.67
521,/content/DALLE3/dalle_cars_zipped.zip/car_img44.png,dining table,0.64
522,/content/DALLE3/dalle_cars_zipped.zip/car_img44.png,donut,0.57
523,/content/DALLE3/dalle_cars_zipped.zip/car_img44.png,sandwich,0.56
524,/content/DALLE3/dalle_cars_zipped.zip/car_img44.png,cup,0.53
525,/content/DALLE3/dalle_cars_zipped.zip/car_img44.png,sports ball,0.52
526,/content/DALLE3/dalle_cars_zipped.zip/car_img44.png,car,0.52
527,/content/DALLE3/dalle_cars_zipped.zip/car_img44.png,donut,0.46
528,/content/DALLE3/dalle_cars_zipped.zip/car_img44.png,chair,0.45
529,/content/DALLE3/dalle_cars_zipped.zip/car_img44.png,car,0.37
530,/content/DALLE3/dalle_cars_zipped.zip/car_img44.png,donut,0.33
531,/content/DALLE3/dalle_cars_zipped.zip/car_img44.png,donut,0.31
532,/content/DALLE3/dalle_cars_zipped.zip/car_img44.png,chair,0.3
533,/content/DALLE3/dalle_cars_zipped.zip/car_img44.png,car,0.28
534,/content/DALLE3/dalle_cars_zipped.zip/car_img44.png,car,0.28
535,/content/DALLE3/dalle_cars_zipped.zip/car_img45.png,motorcycle,0.84
536,/content/DALLE3/dalle_cars_zipped.zip/car_img45.png,person,0.84
537,/content/DALLE3/dalle_cars_zipped.zip/car_img45.png,person,0.8
538,/content/DALLE3/dalle_cars_zipped.zip/car_img45.png,person,0.8
539,/content/DALLE3/dalle_cars_zipped.zip/car_img45.png,person,0.78
540,/content/DALLE3/dalle_cars_zipped.zip/car_img45.png,person,0.77
541,/content/DALLE3/dalle_cars_zipped.zip/car_img45.png,person,0.72
542,/content/DALLE3/dalle_cars_zipped.zip/car_img45.png,backpack,0.66
543,/content/DALLE3/dalle_cars_zipped.zip/car_img45.png,person,0.59
544,/content/DALLE3/dalle_cars_zipped.zip/car_img45.png,car,0.56
545,/content/DALLE3/dalle_cars_zipped.zip/car_img45.png,person,0.52
546,/content/DALLE3/dalle_cars_zipped.zip/car_img45.png,person,0.44
547,/content/DALLE3/dalle_cars_zipped.zip/car_img45.png,person,0.41
548,/content/DALLE3/dalle_cars_zipped.zip/car_img45.png,person,0.38
549,/content/DALLE3/dalle_cars_zipped.zip/car_img45.png,car,0.37
550,/content/DALLE3/dalle_cars_zipped.zip/car_img45.png,person,0.31
551,/content/DALLE3/dalle_cars_zipped.zip/car_img45.png,person,0.31
552,/content/DALLE3/dalle_cars_zipped.zip/car_img45.png,person,0.26
553,/content/DALLE3/dalle_cars_zipped.zip/car_img46.png,boat,0.78
554,/content/DALLE3/dalle_cars_zipped.zip/car_img46.png,car,0.77
555,/content/DALLE3/dalle_cars_zipped.zip/car_img46.png,car,0.76
556,/content/DALLE3/dalle_cars_zipped.zip/car_img46.png,car,0.72
557,/content/DALLE3/dalle_cars_zipped.zip/car_img46.png,car,0.72
558,/content/DALLE3/dalle_cars_zipped.zip/car_img46.png,car,0.67
559,/content/DALLE3/dalle_cars_zipped.zip/car_img46.png,car,0.62
560,/content/DALLE3/dalle_cars_zipped.zip/car_img46.png,car,0.6
561,/content/DALLE3/dalle_cars_zipped.zip/car_img46.png,car,0.59
562,/content/DALLE3/dalle_cars_zipped.zip/car_img46.png,car,0.59
563,/content/DALLE3/dalle_cars_zipped.zip/car_img46.png,car,0.58
564,/content/DALLE3/dalle_cars_zipped.zip/car_img46.png,car,0.56
565,/content/DALLE3/dalle_cars_zipped.zip/car_img46.png,car,0.41
566,/content/DALLE3/dalle_cars_zipped.zip/car_img46.png,car,0.34
567,/content/DALLE3/dalle_cars_zipped.zip/car_img46.png,car,0.31
568,/content/DALLE3/dalle_cars_zipped.zip/car_img46.png,car,0.29
569,/content/DALLE3/dalle_cars_zipped.zip/car_img46.png,car,0.27
570,/content/DALLE3/dalle_cars_zipped.zip/car_img47.png,person,0.94
571,/content/DALLE3/dalle_cars_zipped.zip/car_img47.png,person,0.94
572,/content/DALLE3/dalle_cars_zipped.zip/car_img47.png,person,0.88
573,/content/DALLE3/dalle_cars_zipped.zip/car_img47.png,person,0.87
574,/content/DALLE3/dalle_cars_zipped.zip/car_img47.png,person,0.84
575,/content/DALLE3/dalle_cars_zipped.zip/car_img47.png,person,0.82
576,/content/DALLE3/dalle_cars_zipped.zip/car_img47.png,person,0.78
577,/content/DALLE3/dalle_cars_zipped.zip/car_img47.png,person,0.67
578,/content/DALLE3/dalle_cars_zipped.zip/car_img47.png,car,0.53
579,/content/DALLE3/dalle_cars_zipped.zip/car_img47.png,truck,0.36
580,/content/DALLE3/dalle_cars_zipped.zip/car_img47.png,handbag,0.34
581,/content/DALLE3/dalle_cars_zipped.zip/car_img47.png,motorcycle,0.33
582,/content/DALLE3/dalle_cars_zipped.zip/car_img48.png,person,0.9
583,/content/DALLE3/dalle_cars_zipped.zip/car_img48.png,person,0.9
584,/content/DALLE3/dalle_cars_zipped.zip/car_img48.png,teddy bear,0.54
585,/content/DALLE3/dalle_cars_zipped.zip/car_img48.png,handbag,0.53
586,/content/DALLE3/dalle_cars_zipped.zip/car_img48.png,chair,0.36
587,/content/DALLE3/dalle_cars_zipped.zip/car_img48.png,tie,0.29
588,/content/DALLE3/dalle_cars_zipped.zip/car_img48.png,suitcase,0.27
589,/content/DALLE3/dalle_cars_zipped.zip/car_img49.png,car,0.95
590,/content/DALLE3/dalle_cars_zipped.zip/car_img49.png,person,0.91
591,/content/DALLE3/dalle_cars_zipped.zip/car_img49.png,person,0.9
592,/content/DALLE3/dalle_cars_zipped.zip/car_img49.png,car,0.9
593,/content/DALLE3/dalle_cars_zipped.zip/car_img49.png,car,0.9
594,/content/DALLE3/dalle_cars_zipped.zip/car_img49.png,car,0.89
595,/content/DALLE3/dalle_cars_zipped.zip/car_img49.png,person,0.85
596,/content/DALLE3/dalle_cars_zipped.zip/car_img49.png,person,0.84
597,/content/DALLE3/dalle_cars_zipped.zip/car_img49.png,car,0.8
598,/content/DALLE3/dalle_cars_zipped.zip/car_img49.png,person,0.79
599,/content/DALLE3/dalle_cars_zipped.zip/car_img49.png,car,0.76
600,/content/DALLE3/dalle_cars_zipped.zip/car_img49.png,person,0.76
601,/content/DALLE3/dalle_cars_zipped.zip/car_img49.png,car,0.72
602,/content/DALLE3/dalle_cars_zipped.zip/car_img49.png,car,0.71
603,/content/DALLE3/dalle_cars_zipped.zip/car_img49.png,person,0.71
604,/content/DALLE3/dalle_cars_zipped.zip/car_img49.png,person,0.7
605,/content/DALLE3/dalle_cars_zipped.zip/car_img49.png,suitcase,0.66
606,/content/DALLE3/dalle_cars_zipped.zip/car_img49.png,potted plant,0.62
607,/content/DALLE3/dalle_cars_zipped.zip/car_img49.png,person,0.61
608,/content/DALLE3/dalle_cars_zipped.zip/car_img49.png,car,0.48
609,/content/DALLE3/dalle_cars_zipped.zip/car_img49.png,person,0.42
610,/content/DALLE3/dalle_cars_zipped.zip/car_img49.png,car,0.4
611,/content/DALLE3/dalle_cars_zipped.zip/car_img49.png,car,0.35
612,/content/DALLE3/dalle_cars_zipped.zip/car_img49.png,car,0.34
613,/content/DALLE3/dalle_cars_zipped.zip/car_img49.png,car,0.31
614,/content/DALLE3/dalle_cars_zipped.zip/car_img5.png,car,0.92
615,/content/DALLE3/dalle_cars_zipped.zip/car_img5.png,car,0.91
616,/content/DALLE3/dalle_cars_zipped.zip/car_img5.png,car,0.91
617,/content/DALLE3/dalle_cars_zipped.zip/car_img5.png,car,0.88
618,/content/DALLE3/dalle_cars_zipped.zip/car_img5.png,car,0.86
619,/content/DALLE3/dalle_cars_zipped.zip/car_img5.png,car,0.76
620,/content/DALLE3/dalle_cars_zipped.zip/car_img5.png,car,0.74
621,/content/DALLE3/dalle_cars_zipped.zip/car_img5.png,person,0.65
622,/content/DALLE3/dalle_cars_zipped.zip/car_img5.png,umbrella,0.61
623,/content/DALLE3/dalle_cars_zipped.zip/car_img5.png,person,0.58
624,/content/DALLE3/dalle_cars_zipped.zip/car_img5.png,person,0.55
625,/content/DALLE3/dalle_cars_zipped.zip/car_img5.png,person,0.51
626,/content/DALLE3/dalle_cars_zipped.zip/car_img5.png,traffic light,0.51
627,/content/DALLE3/dalle_cars_zipped.zip/car_img5.png,car,0.45
628,/content/DALLE3/dalle_cars_zipped.zip/car_img5.png,umbrella,0.42
629,/content/DALLE3/dalle_cars_zipped.zip/car_img5.png,car,0.36
630,/content/DALLE3/dalle_cars_zipped.zip/car_img5.png,person,0.36
631,/content/DALLE3/dalle_cars_zipped.zip/car_img5.png,umbrella,0.33
632,/content/DALLE3/dalle_cars_zipped.zip/car_img5.png,person,0.32
633,/content/DALLE3/dalle_cars_zipped.zip/car_img5.png,car,0.29
634,/content/DALLE3/dalle_cars_zipped.zip/car_img5.png,person,0.27
635,/content/DALLE3/dalle_cars_zipped.zip/car_img6.png,car,0.83
636,/content/DALLE3/dalle_cars_zipped.zip/car_img6.png,bottle,0.63
637,/content/DALLE3/dalle_cars_zipped.zip/car_img6.png,bottle,0.62
638,/content/DALLE3/dalle_cars_zipped.zip/car_img6.png,person,0.48
639,/content/DALLE3/dalle_cars_zipped.zip/car_img6.png,suitcase,0.47
640,/content/DALLE3/dalle_cars_zipped.zip/car_img6.png,suitcase,0.36
641,/content/DALLE3/dalle_cars_zipped.zip/car_img6.png,backpack,0.35
642,/content/DALLE3/dalle_cars_zipped.zip/car_img7.png,car,0.95
643,/content/DALLE3/dalle_cars_zipped.zip/car_img7.png,clock,0.48
644,/content/DALLE3/dalle_cars_zipped.zip/car_img8.png,truck,0.9
645,/content/DALLE3/dalle_cars_zipped.zip/car_img9.png,car,0.7
